{
  "hash": "5fe35d24",
  "browserHash": "3ecb4cee",
  "optimized": {
    "@angular/common": {
      "src": "../../../../../node_modules/@angular/common/fesm2022/common.mjs",
      "file": "@angular_common.js",
      "fileHash": "54406d7c",
      "needsInterop": false
    },
    "@angular/core": {
      "src": "../../../../../node_modules/@angular/core/fesm2022/core.mjs",
      "file": "@angular_core.js",
      "fileHash": "1b1c7c4b",
      "needsInterop": false
    },
    "@angular/platform-browser": {
      "src": "../../../../../node_modules/@angular/platform-browser/fesm2022/platform-browser.mjs",
      "file": "@angular_platform-browser.js",
      "fileHash": "a1d9cc88",
      "needsInterop": false
    },
    "@angular/router": {
      "src": "../../../../../node_modules/@angular/router/fesm2022/router.mjs",
      "file": "@angular_router.js",
      "fileHash": "120fee70",
      "needsInterop": false
    },
    "highcharts": {
      "src": "../../../../../node_modules/highcharts/highcharts.js",
      "file": "highcharts.js",
      "fileHash": "0db6b869",
      "needsInterop": true
    },
    "highcharts-angular": {
      "src": "../../../../../node_modules/highcharts-angular/fesm2022/highcharts-angular.mjs",
      "file": "highcharts-angular.js",
      "fileHash": "47d037a5",
      "needsInterop": false
    }
  },
  "chunks": {
    "chunk-VDD3JI2P": {
      "file": "chunk-VDD3JI2P.js"
    },
    "chunk-SSZFH3ET": {
      "file": "chunk-SSZFH3ET.js"
    },
    "chunk-TJSZQDMF": {
      "file": "chunk-TJSZQDMF.js"
    },
    "chunk-OXCW2X5T": {
      "file": "chunk-OXCW2X5T.js"
    }
  }
}