[

  {
    "id": "1",
    "name": "Sample Dashboard 1",
    "widgets": [
      {
        "id": "1",
        "name": "Open Opportunities",
        "component": "funnelChart",
        "cols": 4,
        "rows": 8,
        "y": 0,
        "x": 0
      },
      {
        "id": "2",
        "name": "All Opportunities",
        "component": "pieChart",
        "cols": 4,
        "rows": 8,
        "y": 0,
        "x": 4
      }
    ]
  },

  {
    "id": "2",
    "name": "Sample Dashboard 2",
    "widgets": [
      {
        "id": "1",
        "name": "Pie Chart",
        "component": "pieChart",
        "cols": 4,
        "rows": 8,
        "y": 0,
        "x": 0
      },
      {
        "id": "2",
        "name": "Funnel Chart",
        "component": "funnelChart",
        "cols": 4,
        "rows": 8,
        "y": 0,
        "x": 2
      }
    ]
  },

  {
    "id": "3",
    "name": "Sample Dashboard 3",
    "widgets": [
      {
        "id": "1",
        "name": "Parliament Chart",
        "component": "parliamentChart",
        "cols": 7,
        "rows": 7,
        "y": 0,
        "x": 0
      }
    ]
  },

  {
    "id": "4",
    "name": "Sample Dashboard 4",
    "widgets": [
      {
        "id": "1",
        "name": "Timeline",
        "component": "timeline",
        "cols": 8,
        "rows": 6,
        "y": 0,
        "x": 0
      }
    ]
  }

]
