[
  {
    "id":"1",
    "displayName":"Abetz, Senator the Hon Eric",
    "title": "Senator the Hon",
    "salutation": "Senator",
    "familyName": "Abetz",
    "givenName": "Eric",
    "middleName": "",
    "preferredName": "Eric",
    "initials": "E.",
    "otherState": "TAS",
    "Political Party": "LP",
    "gender": "MALE",
    "honorific": "",
    "addressLine1": "Highbury House",
    "addressLine2": "136 Davey Street",
    "city": "Hobart",
    "state": "Tas",
    "postalCode": 7000,
    "ElectorateTelephone": "(03) 6224 3707",
    "ElectorateFax": "(03) 6224 3709",
    "ElectorateTollFree": "1300 132 493",
    "LabelAddress": "GPO Box 1675",
    "LabelSuburb": "Hobart",
    "LabelState": "Tas",
    "LabelPostCode": 7001,
    "Parliamentary Title": ""
  },
  {
    "id":"2",
    "displayName":"Anning, Senator Fraser",
    "title": "Senator",
    "salutation": "Senator",
    "familyName": "Anning",
    "givenName": "Fraser",
    "middleName": "",
    "preferredName": "Fraser",
    "initials": "F.",
    "otherState": "QLD",
    "Political Party": "KAP",
    "gender": "MALE",
    "honorific": "",
    "addressLine1": "Suite 2, Level 36, Waterfront Place",
    "addressLine2": "1 Eagle Street",
    "city": "Brisbane",
    "state": "QLD",
    "postalCode": 4000,
    "ElectorateTelephone": "(07) 3221 9099",
    "ElectorateFax": "(07) 3221 9399",
    "ElectorateTollFree": "",
    "LabelAddress": "GPO Box 228",
    "LabelSuburb": "Brisbane",
    "LabelState": "QLD",
    "LabelPostCode": 4001,
    "Parliamentary Title": ""
  },
  {
    "title": "Senator",
    "salutation": "Senator",
    "familyName": "Bernardi",
    "givenName": "Cory",
    "middleName": "",
    "preferredName": "Cory",
    "initials": "C.",
    "otherState": "SA",
    "Political Party": "AC",
    "gender": "MALE",
    "honorific": "",
    "addressLine1": "36 Grenfell Street",
    "addressLine2": "",
    "city": "Kent Town",
    "state": "SA",
    "postalCode": 5067,
    "ElectorateTelephone": "(08) 8362 8600",
    "ElectorateFax": "(08) 8362 8579",
    "ElectorateTollFree": "1300 880 569",
    "LabelAddress": "PO Box 2192",
    "LabelSuburb": "Kent Town",
    "LabelState": "SA",
    "LabelPostCode": 5071,
    "Parliamentary Title": ""
  },
  {
    "title": "Senator",
    "salutation": "Senator",
    "familyName": "Bilyk",
    "givenName": "Catryna",
    "middleName": "Louise",
    "preferredName": "Catryna",
    "initials": "C. L.",
    "otherState": "TAS",
    "Political Party": "ALP",
    "gender": "FEMALE",
    "honorific": "",
    "addressLine1": "Shop 3, Kingston Plaza",
    "addressLine2": "20 Channel Highway",
    "city": "Kingston",
    "state": "Tas",
    "postalCode": 7050,
    "ElectorateTelephone": "(03) 6229 4444",
    "ElectorateFax": "(03) 6229 4100",
    "ElectorateTollFree": "1300 855 225",
    "LabelAddress": "PO Box 320",
    "LabelSuburb": "Kingston",
    "LabelState": "Tas",
    "LabelPostCode": 7051,
    "Parliamentary Title": ""
  },
  {
    "title": "Senator the Hon",
    "salutation": "Senator",
    "familyName": "Birmingham",
    "givenName": "Simon",
    "middleName": "John",
    "preferredName": "Simon",
    "initials": "S. J.",
    "otherState": "SA",
    "Political Party": "LP",
    "gender": "MALE",
    "honorific": "",
    "addressLine1": "107 Sir Donald Bradman Drive",
    "addressLine2": "",
    "city": "Hilton",
    "state": "SA",
    "postalCode": 5033,
    "ElectorateTelephone": "(08) 8354 1644",
    "ElectorateFax": "(08) 8354 1655",
    "ElectorateTollFree": "1300 301 638",
    "LabelAddress": "107 Sir Donald Bradman Drive",
    "LabelSuburb": "Hilton",
    "LabelState": "SA",
    "LabelPostCode": 5033,
    "Parliamentary Title": "Minister for Trade, Tourism and Investment, (Deputy Leader of the Government in the Senate)"
  },
  {
    "title": "Senator",
    "salutation": "Senator",
    "familyName": "Brockman",
    "givenName": "Slade",
    "middleName": "",
    "preferredName": "Slade",
    "initials": "S.",
    "otherState": "WA",
    "Political Party": "LP",
    "gender": "MALE",
    "honorific": "",
    "addressLine1": "Level 40, Exchange Toer",
    "addressLine2": "2 The Esplanade",
    "city": "Perth",
    "state": "WA",
    "postalCode": 6000,
    "ElectorateTelephone": "(08) 9414 7288",
    "ElectorateFax": "",
    "ElectorateTollFree": "",
    "LabelAddress": "Level 40, Exchange Tower, 2 The Esplanade",
    "LabelSuburb": "Perth",
    "LabelState": "WA",
    "LabelPostCode": 6000,
    "Parliamentary Title": ""
  },
  {
    "title": "Senator",
    "salutation": "Senator",
    "familyName": "Brown",
    "givenName": "Carol",
    "middleName": "Louise",
    "preferredName": "Carol",
    "initials": "C. L.",
    "otherState": "TAS",
    "Political Party": "ALP",
    "gender": "FEMALE",
    "honorific": "",
    "addressLine1": "AMP Building, Ground Floor",
    "addressLine2": "27 Elizabeth Street",
    "city": "Hobart",
    "state": "Tas",
    "postalCode": 7001,
    "ElectorateTelephone": "(03) 6231 0099",
    "ElectorateFax": "(03) 6231 3009",
    "ElectorateTollFree": "1300 301 532",
    "LabelAddress": "GPO Box 376",
    "LabelSuburb": "Hobart",
    "LabelState": "Tas",
    "LabelPostCode": 7001,
    "Parliamentary Title": ""
  },
  {
    "title": "Senator",
    "salutation": "Senator",
    "familyName": "Burston",
    "givenName": "Brian",
    "middleName": "",
    "preferredName": "Brian",
    "initials": "B.",
    "otherState": "NSW",
    "Political Party": "UAP",
    "gender": "MALE",
    "honorific": "",
    "addressLine1": "Suite 103, Level 1",
    "addressLine2": "43-43a The Boulevarde",
    "city": "Toronto",
    "state": "NSW",
    "postalCode": 2283,
    "ElectorateTelephone": "(02) 4959 1044",
    "ElectorateFax": "(02) 4950 4833",
    "ElectorateTollFree": "1300 498 639",
    "LabelAddress": "Suite 103, Level 1, 43-43a The Boulevarde",
    "LabelSuburb": "Toronto",
    "LabelState": "NSW",
    "LabelPostCode": 2283,
    "Parliamentary Title": ""
  },
  {
    "title": "Senator",
    "salutation": "Senator",
    "familyName": "Bushby",
    "givenName": "David",
    "middleName": "Christopher",
    "preferredName": "David",
    "initials": "D. C",
    "otherState": "TAS",
    "Political Party": "LP",
    "gender": "MALE",
    "honorific": "",
    "addressLine1": "Suite 1",
    "addressLine2": "71 Paterson Street",
    "city": "Launceston",
    "state": "TAS",
    "postalCode": 7250,
    "ElectorateTelephone": "(03) 6331 8501",
    "ElectorateFax": "",
    "ElectorateTollFree": "1300 134 468",
    "LabelAddress": "PO Box 97",
    "LabelSuburb": "Launceston",
    "LabelState": "TAS",
    "LabelPostCode": 7250,
    "Parliamentary Title": "Chief Government Whip in the Senate"
  },
  {
    "title": "Senator the Hon",
    "salutation": "Senator",
    "familyName": "Cameron",
    "givenName": "Douglas",
    "middleName": "Niven",
    "preferredName": "Doug",
    "initials": "D. N.",
    "otherState": "NSW",
    "Political Party": "ALP",
    "gender": "MALE",
    "honorific": "",
    "addressLine1": "Unit 6",
    "addressLine2": "5 Raymond Road",
    "city": "Springwood",
    "state": "NSW",
    "postalCode": 2777,
    "ElectorateTelephone": "(02) 4751 4288",
    "ElectorateFax": "(02) 4751 3288",
    "ElectorateTollFree": "1300 226 005",
    "LabelAddress": "PO Box 322",
    "LabelSuburb": "Springwood",
    "LabelState": "NSW",
    "LabelPostCode": 2777,
    "Parliamentary Title": ""
  },
  {
    "title": "Senator the Hon",
    "salutation": "Senator",
    "familyName": "Canavan",
    "givenName": "Matthew",
    "middleName": "James",
    "preferredName": "Matthew",
    "initials": "M.J.",
    "otherState": "QLD",
    "Political Party": "Nats",
    "gender": "MALE",
    "honorific": "",
    "addressLine1": "Ground Floor",
    "addressLine2": "34 East Street",
    "city": "Rockhampton",
    "state": "Qld",
    "postalCode": 4700,
    "ElectorateTelephone": "(07) 4927 2003",
    "ElectorateFax": "(07) 4927 2004",
    "ElectorateTollFree": "1300 301 887",
    "LabelAddress": "PO Box 737",
    "LabelSuburb": "Rockhampton",
    "LabelState": "Qld",
    "LabelPostCode": 4700,
    "Parliamentary Title": "Minister for Resources and Northern Australia"
  },
  {
    "title": "Senator the Hon",
    "salutation": "Senator",
    "familyName": "Carr",
    "givenName": "Kim",
    "middleName": "John",
    "preferredName": "Kim",
    "initials": "K. J.",
    "otherState": "VIC",
    "Political Party": "ALP",
    "gender": "MALE",
    "honorific": "",
    "addressLine1": "62 Lygon Street",
    "addressLine2": "",
    "city": "Carlton South",
    "state": "Vic",
    "postalCode": 3053,
    "ElectorateTelephone": "(03) 9639 2798",
    "ElectorateFax": "(03) 9639 3109",
    "ElectorateTollFree": "",
    "LabelAddress": "62 Lygon Street",
    "LabelSuburb": "Carlton South",
    "LabelState": "Vic",
    "LabelPostCode": 3053,
    "Parliamentary Title": ""
  },
  {
    "title": "Senator the Hon",
    "salutation": "Senator",
    "familyName": "Cash",
    "givenName": "Michaelia",
    "middleName": "Clare",
    "preferredName": "Michaelia",
    "initials": "M.C.",
    "otherState": "WA",
    "Political Party": "LP",
    "gender": "FEMALE",
    "honorific": "",
    "addressLine1": "44 Outram Street",
    "addressLine2": "",
    "city": "West Perth",
    "state": "WA",
    "postalCode": 6005,
    "ElectorateTelephone": "(08) 9226 2000",
    "ElectorateFax": "(08) 9226 2211",
    "ElectorateTollFree": "",
    "LabelAddress": "PO Box 1966",
    "LabelSuburb": "West Perth",
    "LabelState": "WA",
    "LabelPostCode": 6872,
    "Parliamentary Title": "Minister for Small and Family Business, Skills and Vocational Education"
  },
  {
    "title": "Senator",
    "salutation": "Senator",
    "familyName": "Chisholm",
    "givenName": "Anthony",
    "middleName": "",
    "preferredName": "Anthony",
    "initials": "A.",
    "otherState": "QLD",
    "Political Party": "ALP",
    "gender": "MALE",
    "honorific": "",
    "addressLine1": "Level 35, Waterfront Place",
    "addressLine2": "1 Eagle Street",
    "city": "Brisbane",
    "state": "QLD",
    "postalCode": 4000,
    "ElectorateTelephone": "(07) 3229 4477",
    "ElectorateFax": "(07) 3229 4140",
    "ElectorateTollFree": "",
    "LabelAddress": "Level 35, Waterfront Place, 1 Eagle Street",
    "LabelSuburb": "Brisbane",
    "LabelState": "QLD",
    "LabelPostCode": 4000,
    "Parliamentary Title": ""
  },
  {
    "title": "Senator the Hon",
    "salutation": "Senator",
    "familyName": "Colbeck",
    "givenName": "Richard",
    "middleName": "Mansell",
    "preferredName": "Richard",
    "initials": "R.M.",
    "otherState": "TAS",
    "Political Party": "LP",
    "gender": "MALE",
    "honorific": "",
    "addressLine1": "5-7 Best Street",
    "addressLine2": "Parliament House",
    "city": "Devonport",
    "state": "TAS",
    "postalCode": 7310,
    "ElectorateTelephone": "(03) 6424 5960",
    "ElectorateFax": "(03) 6423 5244",
    "ElectorateTollFree": "",
    "LabelAddress": "PO Box 603",
    "LabelSuburb": "Devonport",
    "LabelState": "TAS",
    "LabelPostCode": 7310,
    "Parliamentary Title": "Assistant Minister for Agriculture and Water Resources"
  },
  {
    "title": "Senator the Hon",
    "salutation": "Senator",
    "familyName": "Collins",
    "givenName": "Jacinta",
    "middleName": "Mary Ann",
    "preferredName": "Jacinta",
    "initials": "J. M. A.",
    "otherState": "VIC",
    "Political Party": "ALP",
    "gender": "FEMALE",
    "honorific": "",
    "addressLine1": "Ground Floor",
    "addressLine2": "1013 Whitehorse Road",
    "city": "Box Hill",
    "state": "Vic",
    "postalCode": 3128,
    "ElectorateTelephone": "(03) 9890 7022",
    "ElectorateFax": "(03) 9890 7122",
    "ElectorateTollFree": "",
    "LabelAddress": "Ground Floor, 1013 Whitehorse Road",
    "LabelSuburb": "Box Hill",
    "LabelState": "Vic",
    "LabelPostCode": 3128,
    "Parliamentary Title": ""
  },
  {
    "title": "Senator the Hon",
    "salutation": "Senator",
    "familyName": "Cormann",
    "givenName": "Mathias",
    "middleName": "Hubert Paul",
    "preferredName": "Mathias",
    "initials": "M.H.P.",
    "otherState": "WA",
    "Political Party": "LP",
    "gender": "MALE",
    "honorific": "",
    "addressLine1": "Level 38, Exchange Plaza",
    "addressLine2": "2 The Esplanade",
    "city": "Perth",
    "state": "WA",
    "postalCode": 6000,
    "ElectorateTelephone": "(08) 9325 4227",
    "ElectorateFax": "(08) 9325 6857",
    "ElectorateTollFree": "1300 301 728",
    "LabelAddress": "GPO Box B58",
    "LabelSuburb": "Perth",
    "LabelState": "WA",
    "LabelPostCode": 6838,
    "Parliamentary Title": "Minister for Finance and the Public Service, (Vice-President of the Executive Council), Leader of the Government in the Senate"
  },
  {
    "title": "Senator",
    "salutation": "Senator",
    "familyName": "Di Natale",
    "givenName": "Richard",
    "middleName": "",
    "preferredName": "Richard",
    "initials": "R.",
    "otherState": "VIC",
    "Political Party": "AG",
    "gender": "MALE",
    "honorific": "",
    "addressLine1": "Level 14",
    "addressLine2": "90 Collins Street",
    "city": "Melbourne",
    "state": "VIC",
    "postalCode": 3000,
    "ElectorateTelephone": "(03) 9654 0430",
    "ElectorateFax": "(03) 5221 5100",
    "ElectorateTollFree": "1300 883 502",
    "LabelAddress": "Level 14, 90 Collins Street",
    "LabelSuburb": "Melbourne",
    "LabelState": "VIC",
    "LabelPostCode": 3000,
    "Parliamentary Title": ""
  },
  {
    "title": "Senator",
    "salutation": "Senator",
    "familyName": "Dodson",
    "givenName": "Patrick",
    "middleName": "",
    "preferredName": "Patrick",
    "initials": "P.",
    "otherState": "WA",
    "Political Party": "ALP",
    "gender": "MALE",
    "honorific": "",
    "addressLine1": "Unit 1",
    "addressLine2": "23 Coghlan St",
    "city": "Djugun",
    "state": "WA",
    "postalCode": 6725,
    "ElectorateTelephone": "(08) 9193 5955",
    "ElectorateFax": "(08) 9192 6010",
    "ElectorateTollFree": "",
    "LabelAddress": "PO Box 3490",
    "LabelSuburb": "Broome",
    "LabelState": "WA",
    "LabelPostCode": 6725,
    "Parliamentary Title": ""
  },
  {
    "title": "Senator",
    "salutation": "Senator",
    "familyName": "Duniam",
    "givenName": "Jonathon",
    "middleName": "Roy",
    "preferredName": "Jonathon",
    "initials": "J.R.",
    "otherState": "TAS",
    "Political Party": "LP",
    "gender": "MALE",
    "honorific": "",
    "addressLine1": "85 Macquarie Street",
    "addressLine2": "",
    "city": "Hobart",
    "state": "TAS",
    "postalCode": 7001,
    "ElectorateTelephone": "(03) 6231 2444",
    "ElectorateFax": "",
    "ElectorateTollFree": "",
    "LabelAddress": "GPO Box 453",
    "LabelSuburb": "Hobart",
    "LabelState": "TAS",
    "LabelPostCode": 7001,
    "Parliamentary Title": ""
  },
  {
    "title": "Senator the Hon",
    "salutation": "Senator",
    "familyName": "Farrell",
    "givenName": "Donald",
    "middleName": "Edward",
    "preferredName": "Don",
    "initials": "D. E.",
    "otherState": "SA",
    "Political Party": "ALP",
    "gender": "MALE",
    "honorific": "",
    "addressLine1": "Wave Building",
    "addressLine2": "Level 5, 19 Gilles Street",
    "city": "Adelaide",
    "state": "SA",
    "postalCode": 5000,
    "ElectorateTelephone": "(08)  8231 8400",
    "ElectorateFax": "",
    "ElectorateTollFree": "",
    "LabelAddress": "PO Box 6338",
    "LabelSuburb": "Halifax Street",
    "LabelState": "SA",
    "LabelPostCode": 5000,
    "Parliamentary Title": ""
  },
  {
    "title": "Senator",
    "salutation": "Senator",
    "familyName": "Faruqi",
    "givenName": "Mehreen",
    "middleName": "",
    "preferredName": "Mehreen",
    "initials": "M.",
    "otherState": "NSW",
    "Political Party": "AG",
    "gender": "FEMALE",
    "honorific": "",
    "addressLine1": "72 Campbell Street",
    "addressLine2": "",
    "city": "Surry Hills",
    "state": "NSW",
    "postalCode": 2010,
    "ElectorateTelephone": "(02) 9211 1500",
    "ElectorateFax": "",
    "ElectorateTollFree": "",
    "LabelAddress": "72 Campbell Street",
    "LabelSuburb": "Surry Hills",
    "LabelState": "NSW",
    "LabelPostCode": 2010,
    "Parliamentary Title": ""
  },
  {
    "title": "Senator the Hon",
    "salutation": "Senator",
    "familyName": "Fawcett",
    "givenName": "David",
    "middleName": "Julian",
    "preferredName": "David",
    "initials": "D.J.",
    "otherState": "SA",
    "Political Party": "LP",
    "gender": "MALE",
    "honorific": "",
    "addressLine1": "Commonwealth Parliament Offices, Suite 4, Level 13",
    "addressLine2": "100 King William Street",
    "city": "Adelaide",
    "state": "SA",
    "postalCode": 5000,
    "ElectorateTelephone": "(08) 8205 1040",
    "ElectorateFax": "(08) 8205 1045",
    "ElectorateTollFree": "",
    "LabelAddress": "Commonwealth Parliament Offices, Suite 4, Level 13, 100 King William Street",
    "LabelSuburb": "Adelaide",
    "LabelState": "SA",
    "LabelPostCode": 5000,
    "Parliamentary Title": "Assistant Minister for Defence"
  },
  {
    "title": "Senator the Hon",
    "salutation": "Senator",
    "familyName": "Fierravanti-Wells",
    "givenName": "Concetta",
    "middleName": "",
    "preferredName": "Concetta",
    "initials": "C.",
    "otherState": "NSW",
    "Political Party": "LP",
    "gender": "FEMALE",
    "honorific": "",
    "addressLine1": "Suite 1, Level 2,",
    "addressLine2": "6-8 Regent Street,",
    "city": "Wollongong",
    "state": "NSW",
    "postalCode": 2500,
    "ElectorateTelephone": "(02) 4226 1700",
    "ElectorateFax": "(02) 4226 1733",
    "ElectorateTollFree": "1300 735 268",
    "LabelAddress": "PO Box 886",
    "LabelSuburb": "Wollongong",
    "LabelState": "NSW",
    "LabelPostCode": 2520,
    "Parliamentary Title": ""
  },
  {
    "title": "Senator the Hon",
    "salutation": "Senator",
    "familyName": "Fifield",
    "givenName": "Mitchell",
    "middleName": "Peter",
    "preferredName": "Mitch",
    "initials": "M. P.",
    "otherState": "VIC",
    "Political Party": "LP",
    "gender": "MALE",
    "honorific": "",
    "addressLine1": "42 Florence Street",
    "addressLine2": "",
    "city": "Mentone",
    "state": "VIC",
    "postalCode": 3194,
    "ElectorateTelephone": "(03) 9584 2455",
    "ElectorateFax": "",
    "ElectorateTollFree": "1300 797 110",
    "LabelAddress": "42 Florence Street",
    "LabelSuburb": "Mentone",
    "LabelState": "VIC",
    "LabelPostCode": 3194,
    "Parliamentary Title": "Minister for Communication and the Arts, (Manager of Government Business in the Senate)"
  },
  {
    "title": "Senator",
    "salutation": "Senator",
    "familyName": "Gallacher",
    "givenName": "Alexander",
    "middleName": "McEachian",
    "preferredName": "Alex",
    "initials": "A. M.",
    "otherState": "SA",
    "Political Party": "ALP",
    "gender": "MALE",
    "honorific": "",
    "addressLine1": "265 Churchill Road",
    "addressLine2": "",
    "city": "Prospect",
    "state": "SA",
    "postalCode": 5082,
    "ElectorateTelephone": "(08) 8269 6022",
    "ElectorateFax": "(08) 8269 6044",
    "ElectorateTollFree": "",
    "LabelAddress": "265 Churchill Road",
    "LabelSuburb": "Prospect",
    "LabelState": "SA",
    "LabelPostCode": 5082,
    "Parliamentary Title": ""
  },
  {
    "title": "Senator",
    "salutation": "Senator",
    "familyName": "Georgiou",
    "givenName": "Peter",
    "middleName": "",
    "preferredName": "Peter",
    "initials": "P.",
    "otherState": "WA",
    "Political Party": "PHON",
    "gender": "MALE",
    "honorific": "",
    "addressLine1": "Units 4 & 5, 162 Colin Street",
    "addressLine2": "",
    "city": "West Perth",
    "state": "WA",
    "postalCode": 6005,
    "ElectorateTelephone": "(08) 9226 1750",
    "ElectorateFax": "",
    "ElectorateTollFree": "1300 512 510",
    "LabelAddress": "PO Box 6",
    "LabelSuburb": "West Perth",
    "LabelState": "WA",
    "LabelPostCode": 6872,
    "Parliamentary Title": ""
  },
  {
    "title": "Senator",
    "salutation": "Senator",
    "familyName": "Gichuhi",
    "givenName": "Lucy",
    "middleName": "Muringo",
    "preferredName": "Lucy",
    "initials": "L.M.",
    "otherState": "SA",
    "Political Party": "LP",
    "gender": "FEMALE",
    "honorific": "",
    "addressLine1": "Suite 10 Commonwealth Parliament Offices",
    "addressLine2": "Level 13, 100 King William Street",
    "city": "Adelaide",
    "state": "SA",
    "postalCode": 5000,
    "ElectorateTelephone": "(08) 8205 1050",
    "ElectorateFax": "",
    "ElectorateTollFree": "",
    "LabelAddress": "Suite 10 Commonwealth Parliament Offices, Level 13, 100 King William Street",
    "LabelSuburb": "Adelaide",
    "LabelState": "SA",
    "LabelPostCode": 5000,
    "Parliamentary Title": ""
  },
  {
    "title": "Senator",
    "salutation": "Senator",
    "familyName": "Griff",
    "givenName": "Stirling",
    "middleName": "",
    "preferredName": "Stirling",
    "initials": "S.",
    "otherState": "SA",
    "Political Party": "CA",
    "gender": "MALE",
    "honorific": "",
    "addressLine1": "Level 3, 27 Leigh Street",
    "addressLine2": "",
    "city": "Adelaide",
    "state": "SA",
    "postalCode": 5000,
    "ElectorateTelephone": "(08) 8212 1409",
    "ElectorateFax": "(08) 8231 2053",
    "ElectorateTollFree": "",
    "LabelAddress": "PO Box 8117",
    "LabelSuburb": "Adelaide",
    "LabelState": "SA",
    "LabelPostCode": 5000,
    "Parliamentary Title": ""
  },
  {
    "title": "Senator",
    "salutation": "Senator",
    "familyName": "Hanson",
    "givenName": "Pauline",
    "middleName": "Lee",
    "preferredName": "Pauline",
    "initials": "P.L.",
    "otherState": "QLD",
    "Political Party": "PHON",
    "gender": "FEMALE",
    "honorific": "",
    "addressLine1": "Suite 6, Level 36, Waterfront Place",
    "addressLine2": "1 Eagle Street",
    "city": "Brisbane",
    "state": "QLD",
    "postalCode": 4000,
    "ElectorateTelephone": "(07) 3221 7644",
    "ElectorateFax": "(07) 3221 8422",
    "ElectorateTollFree": "",
    "LabelAddress": "GPO Box 228",
    "LabelSuburb": "Brisbane",
    "LabelState": "QLD",
    "LabelPostCode": 4001,
    "Parliamentary Title": ""
  },
  {
    "title": "Senator",
    "salutation": "Senator",
    "familyName": "Hanson-Young",
    "givenName": "Sarah",
    "middleName": "Coral",
    "preferredName": "Sarah",
    "initials": "S.C.",
    "otherState": "SA",
    "Political Party": "AG",
    "gender": "FEMALE",
    "honorific": "",
    "addressLine1": "Level 7, 147  Pirie Street",
    "addressLine2": "",
    "city": "Adelaide",
    "state": "SA",
    "postalCode": 5000,
    "ElectorateTelephone": "(08) 8227 0425",
    "ElectorateFax": "(08) 8227 0426",
    "ElectorateTollFree": "",
    "LabelAddress": "Level 7, 147  Pirie Street",
    "LabelSuburb": "Adelaide",
    "LabelState": "SA",
    "LabelPostCode": 5000,
    "Parliamentary Title": ""
  },
  {
    "title": "Senator",
    "salutation": "Senator",
    "familyName": "Hinch",
    "givenName": "Derryn",
    "middleName": "Nigel",
    "preferredName": "Derryn",
    "initials": "D.N.",
    "otherState": "VIC",
    "Political Party": "DHJP",
    "gender": "MALE",
    "honorific": "",
    "addressLine1": "Level 14, 1 Queens Road",
    "addressLine2": "",
    "city": "Melbourne",
    "state": "VIC",
    "postalCode": 3004,
    "ElectorateTelephone": "(03) 9820 2222",
    "ElectorateFax": "(03) 9820 0638",
    "ElectorateTollFree": "1300 498 035",
    "LabelAddress": "PO Box 33241",
    "LabelSuburb": "Melbourne",
    "LabelState": "VIC",
    "LabelPostCode": 3004,
    "Parliamentary Title": ""
  },
  {
    "title": "Senator",
    "salutation": "Senator",
    "familyName": "Hume",
    "givenName": "Jane",
    "middleName": "",
    "preferredName": "Jane",
    "initials": "J.",
    "otherState": "VIC",
    "Political Party": "LP",
    "gender": "FEMALE",
    "honorific": "",
    "addressLine1": "223 Bridge Road",
    "addressLine2": "",
    "city": "Richmond",
    "state": "VIC",
    "postalCode": 3121,
    "ElectorateTelephone": "(03) 9232 8820",
    "ElectorateFax": "( 03) 9232 8839",
    "ElectorateTollFree": "",
    "LabelAddress": "PO Box 224",
    "LabelSuburb": "Richmond",
    "LabelState": "VIC",
    "LabelPostCode": 3121,
    "Parliamentary Title": "Deputy Government Whip in the Senate"
  },
  {
    "title": "Senator the Hon",
    "salutation": "Senator",
    "familyName": "Keneally",
    "givenName": "Kristina",
    "middleName": "Kerscher",
    "preferredName": "Kristina",
    "initials": "K.K.",
    "otherState": "NSW",
    "Political Party": "ALP",
    "gender": "FEMALE",
    "honorific": "",
    "addressLine1": "Suite 503, Level 5",
    "addressLine2": "56 Station Street",
    "city": "Parramatta",
    "state": "NSW",
    "postalCode": 2150,
    "ElectorateTelephone": "02) 9891 9139",
    "ElectorateFax": "(02) 9687 4394",
    "ElectorateTollFree": "",
    "LabelAddress": "Suite 503, Level 5, 56 Station Street",
    "LabelSuburb": "Parramatta",
    "LabelState": "NSW",
    "LabelPostCode": 2150,
    "Parliamentary Title": ""
  },
  {
    "title": "Senator",
    "salutation": "Senator",
    "familyName": "Ketter",
    "givenName": "Christopher",
    "middleName": "Ronald",
    "preferredName": "Chris",
    "initials": "C.R.",
    "otherState": "QLD",
    "Political Party": "ALP",
    "gender": "MALE",
    "honorific": "",
    "addressLine1": "'Crossroads', 454 Gympie Road",
    "addressLine2": "",
    "city": "Strathpine",
    "state": "Qld",
    "postalCode": 4500,
    "ElectorateTelephone": "(07) 3881 3710",
    "ElectorateFax": "(07) 3881 3755",
    "ElectorateTollFree": "1300 884 489",
    "LabelAddress": "PO Box  2246",
    "LabelSuburb": "Strathpine Centre",
    "LabelState": "Qld",
    "LabelPostCode": 4500,
    "Parliamentary Title": ""
  },
  {
    "title": "Senator",
    "salutation": "Senator",
    "familyName": "Kitching",
    "givenName": "Kimberley",
    "middleName": "",
    "preferredName": "Kimberley",
    "initials": "K.",
    "otherState": "VIC",
    "Political Party": "ALP",
    "gender": "FEMALE",
    "honorific": "",
    "addressLine1": "6 English Street",
    "addressLine2": "",
    "city": "Essendon Fields",
    "state": "VIC",
    "postalCode": 3041,
    "ElectorateTelephone": "(03) 9374 1640",
    "ElectorateFax": "",
    "ElectorateTollFree": "",
    "LabelAddress": "6 English Street",
    "LabelSuburb": "Essendon Fields",
    "LabelState": "VIC",
    "LabelPostCode": 3041,
    "Parliamentary Title": 3002
  },
  {
    "title": "Senator",
    "salutation": "Senator",
    "familyName": "Leyonhjelm",
    "givenName": "David",
    "middleName": "Ean",
    "preferredName": "David",
    "initials": "D.E.",
    "otherState": "NSW",
    "Political Party": "LDP",
    "gender": "MALE",
    "honorific": "",
    "addressLine1": "Suite 405 Henry Lawson Building",
    "addressLine2": "19 Roseby Street",
    "city": "Drummoyne",
    "state": "NSW",
    "postalCode": 2047,
    "ElectorateTelephone": "(02) 9719 1078",
    "ElectorateFax": "(02) 9181 5462",
    "ElectorateTollFree": "1300 884 092",
    "LabelAddress": "PO Box 636",
    "LabelSuburb": "Drummoyne",
    "LabelState": "NSW",
    "LabelPostCode": 1470,
    "Parliamentary Title": ""
  },
  {
    "title": "Senator",
    "salutation": "Senator",
    "familyName": "Lines",
    "givenName": "Susan",
    "middleName": "",
    "preferredName": "Sue",
    "initials": "S.",
    "otherState": "WA",
    "Political Party": "ALP",
    "gender": "FEMALE",
    "honorific": "",
    "addressLine1": "51 Ord Street",
    "addressLine2": "",
    "city": "West Perth",
    "state": "WA",
    "postalCode": 6005,
    "ElectorateTelephone": "(08) 9481 4844",
    "ElectorateFax": "(08) 9481 4244",
    "ElectorateTollFree": "1300 655 388",
    "LabelAddress": "PO Box 1322",
    "LabelSuburb": "West Perth",
    "LabelState": "WA",
    "LabelPostCode": 6872,
    "Parliamentary Title": "Deputy President, Chair of Committees"
  },
  {
    "title": "Senator the Hon",
    "salutation": "Senator",
    "familyName": "Macdonald",
    "givenName": "Ian",
    "middleName": "Douglas",
    "preferredName": "Ian",
    "initials": "I. D.",
    "otherState": "QLD",
    "Political Party": "LP",
    "gender": "MALE",
    "honorific": "",
    "addressLine1": "Level 1",
    "addressLine2": "131 Denham Street",
    "city": "Townsville",
    "state": "Qld",
    "postalCode": 4810,
    "ElectorateTelephone": "(07) 4771 3066",
    "ElectorateFax": "(07) 4771 3411",
    "ElectorateTollFree": "1300 301 949",
    "LabelAddress": "PO Box 2185",
    "LabelSuburb": "Townsville",
    "LabelState": "Qld",
    "LabelPostCode": 4810,
    "Parliamentary Title": ""
  },
  {
    "title": "Senator",
    "salutation": "Senator",
    "familyName": "Marshall",
    "givenName": "Gavin",
    "middleName": "Mark",
    "preferredName": "Gavin",
    "initials": "G. M.",
    "otherState": "VIC",
    "Political Party": "ALP",
    "gender": "MALE",
    "honorific": "",
    "addressLine1": "Level 4, Suite 4.6 Melbourne Commonwealth Parliament Offices",
    "addressLine2": "4 Treasury Place",
    "city": "East Melbourne",
    "state": "Vic",
    "postalCode": 3002,
    "ElectorateTelephone": "(03) 9348 9699",
    "ElectorateFax": "(03) 9348 9837",
    "ElectorateTollFree": "",
    "LabelAddress": "Level 4, Suite 4.6 Melbourne Commonwealth Parliament Offices,4 Treasury Place",
    "LabelSuburb": "East Melbourne",
    "LabelState": "Vic",
    "LabelPostCode": 3002,
    "Parliamentary Title": ""
  },
  {
    "title": "Senator",
    "salutation": "Senator",
    "familyName": "Martin",
    "givenName": "Steven",
    "middleName": "Leigh",
    "preferredName": "Steve",
    "initials": "S.L.",
    "otherState": "TAS",
    "Political Party": "NATS",
    "gender": "MALE",
    "honorific": "",
    "addressLine1": "Level 1, 21 Best Street",
    "addressLine2": "",
    "city": "Devonport",
    "state": "Tas",
    "postalCode": 7310,
    "ElectorateTelephone": "(03) 6420 7560",
    "ElectorateFax": "",
    "ElectorateTollFree": "",
    "LabelAddress": "Level 1, 21 Best Street",
    "LabelSuburb": "Devonport",
    "LabelState": "Tas",
    "LabelPostCode": 7310,
    "Parliamentary Title": ""
  },
  {
    "title": "Senator",
    "salutation": "Senator",
    "familyName": "McAllister",
    "givenName": "Jennifer",
    "middleName": "Ryll",
    "preferredName": "Jenny",
    "initials": "J.R.",
    "otherState": "NSW",
    "Political Party": "ALP",
    "gender": "FEMALE",
    "honorific": "",
    "addressLine1": "Suite 1",
    "addressLine2": "1 Park Avenue",
    "city": "Drummoyne",
    "state": "NSW",
    "postalCode": 2047,
    "ElectorateTelephone": "(02) 9719 8100",
    "ElectorateFax": "(02) 9719 8078",
    "ElectorateTollFree": "1300 301 752",
    "LabelAddress": "Suite 1, 1 Park Avenue",
    "LabelSuburb": "Drummoyne",
    "LabelState": "NSW",
    "LabelPostCode": 2047,
    "Parliamentary Title": "Deputy Opposition Whip in the Senate"
  },
  {
    "title": "Senator",
    "salutation": "Senator",
    "familyName": "McCarthy",
    "givenName": "Malarndirri",
    "middleName": "",
    "preferredName": "Malarndirri",
    "initials": "M.",
    "otherState": "NT",
    "Political Party": "ALP",
    "gender": "FEMALE",
    "honorific": "",
    "addressLine1": "38B Mitchell Street",
    "addressLine2": "",
    "city": "Darwin",
    "state": "NT",
    "postalCode": 800,
    "ElectorateTelephone": "(08) 8941 0003",
    "ElectorateFax": "(08) 8941 0071",
    "ElectorateTollFree": "",
    "LabelAddress": "PO Box 1596",
    "LabelSuburb": "Darwin",
    "LabelState": "NT",
    "LabelPostCode": 801,
    "Parliamentary Title": ""
  },
  {
    "title": "Senator the Hon",
    "salutation": "Senator",
    "familyName": "McGrath",
    "givenName": "James",
    "middleName": "",
    "preferredName": "James",
    "initials": "J.",
    "otherState": "QLD",
    "Political Party": "LP",
    "gender": "MALE",
    "honorific": "",
    "addressLine1": "Tenancy A",
    "addressLine2": "2-4 Mitchell Street",
    "city": "Nambour",
    "state": "QLD",
    "postalCode": 4560,
    "ElectorateTelephone": "(07) 5441 1800",
    "ElectorateFax": "(07) 5441 1699",
    "ElectorateTollFree": "1300 769 412",
    "LabelAddress": "PO Box 772",
    "LabelSuburb": "Nambour",
    "LabelState": "QLD",
    "LabelPostCode": 4560,
    "Parliamentary Title": ""
  },
  {
    "title": "Senator the Hon",
    "salutation": "Senator",
    "familyName": "McKenzie",
    "givenName": "Bridget",
    "middleName": "",
    "preferredName": "Bridget",
    "initials": "B.",
    "otherState": "VIC",
    "Political Party": "Nats",
    "gender": "FEMALE",
    "honorific": "",
    "addressLine1": "279 Hargreaves Street",
    "addressLine2": "",
    "city": "Bendigo",
    "state": "VIC",
    "postalCode": 3550,
    "ElectorateTelephone": "(03) 5441 4251",
    "ElectorateFax": "(03) 5441 4260",
    "ElectorateTollFree": "1300 889 103",
    "LabelAddress": "279 Hargreaves Street",
    "LabelSuburb": "Bendigo",
    "LabelState": "VIC",
    "LabelPostCode": 3550,
    "Parliamentary Title": "Minister for Regional Services, Sport, Local Government and Decentralisation, Deputy Leader of the Nationals"
  },
  {
    "title": "Senator",
    "salutation": "Senator",
    "familyName": "McKim",
    "givenName": "Nicholas",
    "middleName": "James",
    "preferredName": "Nick",
    "initials": "N.J.",
    "otherState": "TAS",
    "Political Party": "AG",
    "gender": "MALE",
    "honorific": "",
    "addressLine1": "149B Macquarie Street",
    "addressLine2": "",
    "city": "Hobart",
    "state": "TAS",
    "postalCode": 7000,
    "ElectorateTelephone": "(03) 6224 8899",
    "ElectorateFax": "(03) 6224 7599",
    "ElectorateTollFree": "1300 131 720",
    "LabelAddress": "GPO Box 896",
    "LabelSuburb": "Hobart",
    "LabelState": "TAS",
    "LabelPostCode": 7001,
    "Parliamentary Title": ""
  },
  {
    "title": "Senator",
    "salutation": "Senator",
    "familyName": "Molan",
    "givenName": "Andrew",
    "middleName": "James",
    "preferredName": "Jim",
    "initials": "A.J.",
    "otherState": "NSW",
    "Political Party": "LP",
    "gender": "MALE",
    "honorific": "AO, DSC",
    "addressLine1": "Shop 101A Riverside Plaza",
    "addressLine2": "131 Monaro Street",
    "city": "Queanbeyan",
    "state": "NSW",
    "postalCode": 2620,
    "ElectorateTelephone": "(02) 6284 3115",
    "ElectorateFax": "(02) 6299 2728",
    "ElectorateTollFree": "",
    "LabelAddress": "PO Box 548",
    "LabelSuburb": "Queanbeyan",
    "LabelState": "NSW",
    "LabelPostCode": 2620,
    "Parliamentary Title": ""
  },
  {
    "title": "Senator",
    "salutation": "Senator",
    "familyName": "Moore",
    "givenName": "Claire",
    "middleName": "Mary",
    "preferredName": "Claire",
    "initials": "C. M.",
    "otherState": "QLD",
    "Political Party": "ALP",
    "gender": "FEMALE",
    "honorific": "",
    "addressLine1": "Suite 14 B, 1st Floor Brunswick Central",
    "addressLine2": "421 Brunswick Street",
    "city": "Fortitude Valley",
    "state": "Qld",
    "postalCode": 4006,
    "ElectorateTelephone": "(07) 3252 7101",
    "ElectorateFax": "(07) 3252 8957",
    "ElectorateTollFree": "1300 301 879",
    "LabelAddress": "PO Box 907, Fortitude Valley Post Shop",
    "LabelSuburb": "Fortitude Valley",
    "LabelState": "Qld",
    "LabelPostCode": 4006,
    "Parliamentary Title": ""
  },
  {
    "title": "Senator",
    "salutation": "Senator",
    "familyName": "O'Neill",
    "givenName": "Deborah",
    "middleName": "",
    "preferredName": "Deborah",
    "initials": "D.",
    "otherState": "NSW",
    "Political Party": "ALP",
    "gender": "FEMALE",
    "honorific": "",
    "addressLine1": "Suite 3.12, The Platinum Building",
    "addressLine2": "4 Ilya Avenue",
    "city": "Erina",
    "state": "NSW",
    "postalCode": 2250,
    "ElectorateTelephone": "(02) 4367 4565",
    "ElectorateFax": "(02) 4367 3506",
    "ElectorateTollFree": "",
    "LabelAddress": "Suite 3.12, The Platinum Building, 4 Ilya Avenue",
    "LabelSuburb": "Erina",
    "LabelState": "NSW",
    "LabelPostCode": 2250,
    "Parliamentary Title": ""
  },
  {
    "title": "Senator",
    "salutation": "Senator",
    "familyName": "O'Sullivan",
    "givenName": "Barry",
    "middleName": "James",
    "preferredName": "Barry",
    "initials": "B. J.",
    "otherState": "QLD",
    "Political Party": "Nats",
    "gender": "MALE",
    "honorific": "",
    "addressLine1": "Tenancy A",
    "addressLine2": "189 Hume Street",
    "city": "Toowoomba",
    "state": "Qld",
    "postalCode": 4350,
    "ElectorateTelephone": "(07) 4638 7555",
    "ElectorateFax": "(07) 4638 7199",
    "ElectorateTollFree": "",
    "LabelAddress": "PO Box 3135",
    "LabelSuburb": "Toowoomba",
    "LabelState": "Qld",
    "LabelPostCode": 4350,
    "Parliamentary Title": ""
  },
  {
    "title": "Senator",
    "salutation": "Senator",
    "familyName": "Paterson",
    "givenName": "James",
    "middleName": "",
    "preferredName": "James",
    "initials": "J.",
    "otherState": "VIC",
    "Political Party": "LP",
    "gender": "MALE",
    "honorific": "",
    "addressLine1": "Ground Floor, 63 York Street",
    "addressLine2": "4 Treasury Place",
    "city": "South Melbourne",
    "state": "VIC",
    "postalCode": 3205,
    "ElectorateTelephone": "(03) 9690 2201",
    "ElectorateFax": "",
    "ElectorateTollFree": "",
    "LabelAddress": "PO Box 657",
    "LabelSuburb": "South Melbourne",
    "LabelState": "VIC",
    "LabelPostCode": 3205,
    "Parliamentary Title": ""
  },
  {
    "title": "Senator",
    "salutation": "Senator",
    "familyName": "Patrick",
    "givenName": "Rex",
    "middleName": "Lyall",
    "preferredName": "Rex",
    "initials": "R.L.",
    "otherState": "SA",
    "Political Party": "CA",
    "gender": "MALE",
    "honorific": "",
    "addressLine1": "Level 2",
    "addressLine2": "31 Ebenezer Place",
    "city": "Adelaide",
    "state": "SA",
    "postalCode": 5000,
    "ElectorateTelephone": "(08) 8232 1144",
    "ElectorateFax": "(08) 8232 3744",
    "ElectorateTollFree": "1300 556 115",
    "LabelAddress": "Level 2, 31 Ebenezer Place",
    "LabelSuburb": "Adelaide",
    "LabelState": "SA",
    "LabelPostCode": 5000,
    "Parliamentary Title": ""
  },
  {
    "title": "Senator the Hon",
    "salutation": "Senator",
    "familyName": "Payne",
    "givenName": "Marise",
    "middleName": "Ann",
    "preferredName": "Marise",
    "initials": "M. A.",
    "otherState": "NSW",
    "Political Party": "LP",
    "gender": "FEMALE",
    "honorific": "",
    "addressLine1": "2-12 Macquarie Street",
    "addressLine2": "",
    "city": "Parramatta",
    "state": "NSW",
    "postalCode": 2150,
    "ElectorateTelephone": "(02) 9687 8755",
    "ElectorateFax": "(02) 9687 8466",
    "ElectorateTollFree": "",
    "LabelAddress": "PO Box 1420",
    "LabelSuburb": "Parramatta",
    "LabelState": "NSW",
    "LabelPostCode": 2150,
    "Parliamentary Title": "Minister for Foreign Affairs"
  },
  {
    "title": "Senator",
    "salutation": "Senator",
    "familyName": "Polley",
    "givenName": "Helen",
    "middleName": "",
    "preferredName": "Helen",
    "initials": "H.",
    "otherState": "TAS",
    "Political Party": "ALP",
    "gender": "FEMALE",
    "honorific": "",
    "addressLine1": "'The Charles', Suite 101",
    "addressLine2": "287 Charles Street",
    "city": "Launceston",
    "state": "Tas",
    "postalCode": 7250,
    "ElectorateTelephone": "(03) 6331 2599",
    "ElectorateFax": "(03) 6331 2588",
    "ElectorateTollFree": "1300 134 923",
    "LabelAddress": "PO Box 1223",
    "LabelSuburb": "Launceston",
    "LabelState": "Tas",
    "LabelPostCode": 7250,
    "Parliamentary Title": ""
  },
  {
    "title": "Senator",
    "salutation": "Senator",
    "familyName": "Pratt",
    "givenName": "Louise",
    "middleName": "Clare",
    "preferredName": "Louise",
    "initials": "L.C.",
    "otherState": "WA",
    "Political Party": "ALP",
    "gender": "FEMALE",
    "honorific": "",
    "addressLine1": "183 Great Eastern Highway",
    "addressLine2": "",
    "city": "Belmont",
    "state": "WA",
    "postalCode": 6104,
    "ElectorateTelephone": "(08) 9277 1502",
    "ElectorateFax": "(08) 9277 1509",
    "ElectorateTollFree": "1300 545 179",
    "LabelAddress": "PO Box 531",
    "LabelSuburb": "Belmont",
    "LabelState": "WA",
    "LabelPostCode": 6984,
    "Parliamentary Title": ""
  },
  {
    "title": "Senator the Hon",
    "salutation": "Senator",
    "familyName": "Reynolds",
    "givenName": "Linda",
    "middleName": "Karen",
    "preferredName": "Linda",
    "initials": "L.K.",
    "otherState": "WA",
    "Political Party": "LP",
    "gender": "FEMALE",
    "honorific": "CSC",
    "addressLine1": "Suite C, 117 Great Eastern Highway",
    "addressLine2": "",
    "city": "Rivervale",
    "state": "WA",
    "postalCode": 6103,
    "ElectorateTelephone": "(08) 9477 5411",
    "ElectorateFax": "",
    "ElectorateTollFree": "",
    "LabelAddress": "PO Box 369",
    "LabelSuburb": "Belmont",
    "LabelState": "WA",
    "LabelPostCode": 6984,
    "Parliamentary Title": "Assistant Minister for Home Affairs"
  },
  {
    "title": "Senator",
    "salutation": "Senator",
    "familyName": "Rice",
    "givenName": "Janet",
    "middleName": "Elizabeth",
    "preferredName": "Janet",
    "initials": "J.E.",
    "otherState": "VIC",
    "Political Party": "AG",
    "gender": "FEMALE",
    "honorific": "",
    "addressLine1": "240 Sydney Road",
    "addressLine2": "",
    "city": "Coburg",
    "state": "Vic",
    "postalCode": 3058,
    "ElectorateTelephone": "(03) 9384 6199",
    "ElectorateFax": "(03) 9384 6399",
    "ElectorateTollFree": "",
    "LabelAddress": "240 Sydney Road",
    "LabelSuburb": "Coburg",
    "LabelState": "Vic",
    "LabelPostCode": 3058,
    "Parliamentary Title": ""
  },
  {
    "title": "Senator the Hon",
    "salutation": "Senator",
    "familyName": "Ruston",
    "givenName": "Anne",
    "middleName": "",
    "preferredName": "Anne",
    "initials": "A.",
    "otherState": "SA",
    "Political Party": "LP",
    "gender": "FEMALE",
    "honorific": "",
    "addressLine1": "9 Renmark Avenue",
    "addressLine2": "",
    "city": "Renmark",
    "state": "SA",
    "postalCode": 5341,
    "ElectorateTelephone": "(08) 8586 6600",
    "ElectorateFax": "(08) 8595 1700",
    "ElectorateTollFree": "1300 857 022",
    "LabelAddress": "PO Box 1671",
    "LabelSuburb": "Renmark",
    "LabelState": "SA",
    "LabelPostCode": 5341,
    "Parliamentary Title": "Assistant Minister for International Development and the Pacific"
  },
  {
    "title": "Senator the Hon",
    "salutation": "Senator",
    "familyName": "Ryan",
    "givenName": "Scott",
    "middleName": "Michael",
    "preferredName": "Scott",
    "initials": "S.M.",
    "otherState": "VIC",
    "Political Party": "LP",
    "gender": "MALE",
    "honorific": "",
    "addressLine1": "12 Pascoe Vale Road",
    "addressLine2": "",
    "city": "Moonee Ponds",
    "state": "Vic",
    "postalCode": 3039,
    "ElectorateTelephone": "(03) 9326 1088",
    "ElectorateFax": "(03) 9370 9120",
    "ElectorateTollFree": "",
    "LabelAddress": "PO Box 556",
    "LabelSuburb": "Moonee Ponds",
    "LabelState": "Vic",
    "LabelPostCode": 3039,
    "Parliamentary Title": "President of the Senate"
  },
  {
    "title": "Senator the Hon",
    "salutation": "Senator",
    "familyName": "Scullion",
    "givenName": "Nigel",
    "middleName": "Gregory",
    "preferredName": "Nigel",
    "initials": "N. G.",
    "otherState": "NT",
    "Political Party": "CLP",
    "gender": "MALE",
    "honorific": "",
    "addressLine1": "Unit 1, 229 McMillans Road",
    "addressLine2": "",
    "city": "Jingili",
    "state": "NT",
    "postalCode": 810,
    "ElectorateTelephone": "(08) 8948 3555",
    "ElectorateFax": "(08) 8948 3544",
    "ElectorateTollFree": "",
    "LabelAddress": "PO Box 40021",
    "LabelSuburb": "Casuarina",
    "LabelState": "NT",
    "LabelPostCode": 811,
    "Parliamentary Title": "Minister for Indigenous Affairs"
  },
  {
    "title": "Senator the Hon",
    "salutation": "Senator",
    "familyName": "Seselja",
    "givenName": "Zdenko",
    "middleName": "Matthew",
    "preferredName": "Zed",
    "initials": "Z. M.",
    "otherState": "ACT",
    "Political Party": "LP",
    "gender": "MALE",
    "honorific": "",
    "addressLine1": "Shop 1",
    "addressLine2": "25 Earnest Cavanagh Street",
    "city": "Gungahlin",
    "state": "ACT",
    "postalCode": 2912,
    "ElectorateTelephone": "(02) 6247 6444",
    "ElectorateFax": "(02) 6257 4140",
    "ElectorateTollFree": "",
    "LabelAddress": "PO Box 705",
    "LabelSuburb": "Gungahlin",
    "LabelState": "ACT",
    "LabelPostCode": 2912,
    "Parliamentary Title": "Assistant Minister for Treasury and Finance"
  },
  {
    "title": "Senator",
    "salutation": "Senator",
    "familyName": "Siewert",
    "givenName": "Rachel",
    "middleName": "",
    "preferredName": "Rachel",
    "initials": "R.",
    "otherState": "WA",
    "Political Party": "AG",
    "gender": "FEMALE",
    "honorific": "",
    "addressLine1": "Unit 11, Level 2",
    "addressLine2": "440 William Street",
    "city": "Perth",
    "state": "WA",
    "postalCode": 6000,
    "ElectorateTelephone": "(08) 9228 3277",
    "ElectorateFax": "",
    "ElectorateTollFree": "1300 881 218",
    "LabelAddress": "Unit 11, Level 2, 440 William Street",
    "LabelSuburb": "Perth",
    "LabelState": "WA",
    "LabelPostCode": 6000,
    "Parliamentary Title": "Australian Greens Whip"
  },
  {
    "title": "Senator the Hon",
    "salutation": "Senator",
    "familyName": "Singh",
    "givenName": "Lisa",
    "middleName": "Maria",
    "preferredName": "Lisa",
    "initials": "L. M.",
    "otherState": "TAS",
    "Political Party": "ALP",
    "gender": "FEMALE",
    "honorific": "",
    "addressLine1": "152 Macquarie Street",
    "addressLine2": "",
    "city": "Hobart",
    "state": "TAS",
    "postalCode": 7000,
    "ElectorateTelephone": "(03) 6223 1135",
    "ElectorateFax": "(03) 6223 1250",
    "ElectorateTollFree": "",
    "LabelAddress": "GPO Box 271",
    "LabelSuburb": "Hobart",
    "LabelState": "TAS",
    "LabelPostCode": 7001,
    "Parliamentary Title": ""
  },
  {
    "title": "Senator the Hon",
    "salutation": "Senator",
    "familyName": "Sinodinos",
    "givenName": "Arthur",
    "middleName": "",
    "preferredName": "Arthur",
    "initials": "A",
    "otherState": "NSW",
    "Political Party": "LP",
    "gender": "MALE",
    "honorific": "AO",
    "addressLine1": "Suite 3  Level 20",
    "addressLine2": "1 Bligh Street",
    "city": "Sydney",
    "state": "NSW",
    "postalCode": 2000,
    "ElectorateTelephone": "(02) 8289 9450",
    "ElectorateFax": "",
    "ElectorateTollFree": "",
    "LabelAddress": "Suite 3  Level 20, 1 Bligh Street",
    "LabelSuburb": "Sydney",
    "LabelState": "NSW",
    "LabelPostCode": 2000,
    "Parliamentary Title": ""
  },
  {
    "title": "Senator",
    "salutation": "Senator",
    "familyName": "Smith",
    "givenName": "David",
    "middleName": "",
    "preferredName": "David",
    "initials": "David",
    "otherState": "ACT",
    "Political Party": "ALP",
    "gender": "MALE",
    "honorific": "",
    "addressLine1": "Unit A, Ground Floor, Law Society Building",
    "addressLine2": "11 London Circuit",
    "city": "Canberra",
    "state": "ACT",
    "postalCode": 2601,
    "ElectorateTelephone": "(02) 6230 0411",
    "ElectorateFax": "(02) 6230 0413",
    "ElectorateTollFree": "",
    "LabelAddress": "Unit A, Ground Floor, Law Society Building,11 London Circuit",
    "LabelSuburb": "Canberra",
    "LabelState": "ACT",
    "LabelPostCode": 2601,
    "Parliamentary Title": ""
  },
  {
    "title": "Senator",
    "salutation": "Senator",
    "familyName": "Smith",
    "givenName": "Dean",
    "middleName": "Anthony",
    "preferredName": "Dean",
    "initials": "D. A.",
    "otherState": "WA",
    "Political Party": "LP",
    "gender": "MALE",
    "honorific": "",
    "addressLine1": "48 Ventnor Avenue",
    "addressLine2": "",
    "city": "West Perth",
    "state": "WA",
    "postalCode": 6005,
    "ElectorateTelephone": "(08) 9481 0349",
    "ElectorateFax": "08 9321 4876",
    "ElectorateTollFree": "1300 301 849",
    "LabelAddress": "PO Box 930",
    "LabelSuburb": "West Perth",
    "LabelState": "WA",
    "LabelPostCode": 6872,
    "Parliamentary Title": "Deputy Government Whip in the Senate"
  },
  {
    "title": "Senator",
    "salutation": "Senator",
    "familyName": "Steele-John",
    "givenName": "Jordon",
    "middleName": "",
    "preferredName": "Jordon",
    "initials": "J.",
    "otherState": "WA",
    "Political Party": "AG",
    "gender": "MALE",
    "honorific": "",
    "addressLine1": "Level 40 Exchange Tower",
    "addressLine2": "2 the Esplanade",
    "city": "Perth",
    "state": "WA",
    "postalCode": 6000,
    "ElectorateTelephone": "(08) 6245 3310",
    "ElectorateFax": "",
    "ElectorateTollFree": "Level 27 Exchange Tower, 2 the Esplanade",
    "LabelAddress": "",
    "LabelSuburb": "Perth",
    "LabelState": "WA",
    "LabelPostCode": 6838,
    "Parliamentary Title": ""
  },
  {
    "title": "Senator",
    "salutation": "Senator",
    "familyName": "Sterle",
    "givenName": "Glenn",
    "middleName": "",
    "preferredName": "Glenn",
    "initials": "G.",
    "otherState": "WA",
    "Political Party": "ALP",
    "gender": "MALE",
    "honorific": "",
    "addressLine1": "6a Market City",
    "addressLine2": "280 Bannister Road",
    "city": "Canning Vale",
    "state": "WA",
    "postalCode": 6155,
    "ElectorateTelephone": "(08) 9455 1420",
    "ElectorateFax": "(08) 9455 1421",
    "ElectorateTollFree": "1300 666 494",
    "LabelAddress": "Mailpoint 22, Market City, 280 Bannister Road",
    "LabelSuburb": "Canning Vale",
    "LabelState": "WA",
    "LabelPostCode": 6155,
    "Parliamentary Title": ""
  },
  {
    "title": "Senator",
    "salutation": "Senator",
    "familyName": "Stoker",
    "givenName": "Amanda",
    "middleName": "Jane",
    "preferredName": "Amanda",
    "initials": "A.J.",
    "otherState": "QLD",
    "Political Party": "LP",
    "gender": "FEMALE",
    "honorific": "",
    "addressLine1": "Suite 10, Level 36 Waterfront Place",
    "addressLine2": "1 Eagle Street",
    "city": "Brisbane",
    "state": "QLD",
    "postalCode": 4000,
    "ElectorateTelephone": "(07) 3001 8170",
    "ElectorateFax": "(07) 3001 8178",
    "ElectorateTollFree": "",
    "LabelAddress": "GPO Box 228",
    "LabelSuburb": "Brisbane",
    "LabelState": "QLD",
    "LabelPostCode": 4001,
    "Parliamentary Title": ""
  },
  {
    "title": "Senator",
    "salutation": "Senator",
    "familyName": "Storer",
    "givenName": "Timothy",
    "middleName": "Raphael",
    "preferredName": "Tim",
    "initials": "T.R.",
    "otherState": "SA",
    "Political Party": "IND",
    "gender": "MALE",
    "honorific": "",
    "addressLine1": "187 Grenfell Street",
    "addressLine2": "",
    "city": "Adelaide",
    "state": "SA",
    "postalCode": 5000,
    "ElectorateTelephone": "(08) 8282 0220",
    "ElectorateFax": "(08) 8232 4161",
    "ElectorateTollFree": "1300 738 260",
    "LabelAddress": "187 Grenfell Street",
    "LabelSuburb": "Adelaide",
    "LabelState": "SA",
    "LabelPostCode": 5000,
    "Parliamentary Title": ""
  },
  {
    "title": "Senator",
    "salutation": "Senator",
    "familyName": "Urquhart",
    "givenName": "Anne",
    "middleName": "Elizabeth",
    "preferredName": "Anne",
    "initials": "A. E.",
    "otherState": "TAS",
    "Political Party": "ALP",
    "gender": "FEMALE",
    "honorific": "",
    "addressLine1": "Ground Floor",
    "addressLine2": "69 Best Street",
    "city": "Devonport",
    "state": "Tas",
    "postalCode": 7310,
    "ElectorateTelephone": "(03) 6423 1933",
    "ElectorateFax": "(03) 6423 3544",
    "ElectorateTollFree": "1300 792 331",
    "LabelAddress": "PO Box 360",
    "LabelSuburb": "Devonport",
    "LabelState": "Tas",
    "LabelPostCode": 7310,
    "Parliamentary Title": "Opposition Whip in the Senate"
  },
  {
    "title": "Senator",
    "salutation": "Senator",
    "familyName": "Waters",
    "givenName": "Larissa",
    "middleName": "Joy",
    "preferredName": "Larissa",
    "initials": "L.J.",
    "otherState": "QLD",
    "Political Party": "AG",
    "gender": "FEMALE",
    "honorific": "",
    "addressLine1": "Level 2",
    "addressLine2": "251 Given Terrace",
    "city": "Paddington",
    "state": "Qld",
    "postalCode": 4064,
    "ElectorateTelephone": "(07) 3367 0566",
    "ElectorateFax": "(07) 3367 0577",
    "ElectorateTollFree": "",
    "LabelAddress": "Locked bag 3004",
    "LabelSuburb": "Paddington",
    "LabelState": "Qld",
    "LabelPostCode": 4064,
    "Parliamentary Title": ""
  },
  {
    "title": "Senator",
    "salutation": "Senator",
    "familyName": "Watt",
    "givenName": "Murray",
    "middleName": "Patrick",
    "preferredName": "Murray",
    "initials": "M.P.",
    "otherState": "QLD",
    "Political Party": "ALP",
    "gender": "MALE",
    "honorific": "",
    "addressLine1": "Suite G04 Kay House",
    "addressLine2": "35 Scarborough Street",
    "city": "Southport",
    "state": "QLD",
    "postalCode": 4215,
    "ElectorateTelephone": "(07) 5531 1033",
    "ElectorateFax": "",
    "ElectorateTollFree": "",
    "LabelAddress": "PO Box 310",
    "LabelSuburb": "Southport Business Centre",
    "LabelState": "QLD",
    "LabelPostCode": 4215,
    "Parliamentary Title": ""
  },
  {
    "title": "Senator",
    "salutation": "Senator",
    "familyName": "Whish-Wilson",
    "givenName": "Peter",
    "middleName": "Stuart",
    "preferredName": "Peter",
    "initials": "P. S.",
    "otherState": "TAS",
    "Political Party": "AG",
    "gender": "MALE",
    "honorific": "",
    "addressLine1": "37 George Street",
    "addressLine2": "",
    "city": "Launceston",
    "state": "TAS",
    "postalCode": 7250,
    "ElectorateTelephone": "(03) 6331 0033",
    "ElectorateFax": "(03) 6331 2044",
    "ElectorateTollFree": "1300 449 012",
    "LabelAddress": "PO Box 5194",
    "LabelSuburb": "Launceston",
    "LabelState": "TAS",
    "LabelPostCode": 7250,
    "Parliamentary Title": ""
  },
  {
    "title": "Senator",
    "salutation": "Senator",
    "familyName": "Williams",
    "givenName": "John",
    "middleName": "Reginal",
    "preferredName": "John",
    "initials": "J. R.",
    "otherState": "NSW",
    "Political Party": "Nats",
    "gender": "MALE",
    "honorific": "",
    "addressLine1": "144 Byron Street",
    "addressLine2": "",
    "city": "Inverell",
    "state": "NSW",
    "postalCode": 2360,
    "ElectorateTelephone": "(02) 6721 4500",
    "ElectorateFax": "(02) 6721 4544",
    "ElectorateTollFree": "1300 301 816",
    "LabelAddress": "144 Byron Street",
    "LabelSuburb": "Inverell",
    "LabelState": "NSW",
    "LabelPostCode": 2360,
    "Parliamentary Title": "Nationals Whip in the Senate"
  },
  {
    "title": "Senator the Hon",
    "salutation": "Senator",
    "familyName": "Wong",
    "givenName": "Penny",
    "middleName": "",
    "preferredName": "Penny",
    "initials": "P.",
    "otherState": "SA",
    "Political Party": "ALP",
    "gender": "FEMALE",
    "honorific": "",
    "addressLine1": "Level 4",
    "addressLine2": "19 Gouger Street",
    "city": "Adelaide",
    "state": "SA",
    "postalCode": 5000,
    "ElectorateTelephone": "(08) 8212 8272",
    "ElectorateFax": "(08) 8212 8273",
    "ElectorateTollFree": "1300 301 698",
    "LabelAddress": "PO Box 6237, Halifax Street",
    "LabelSuburb": "Adelaide",
    "LabelState": "SA",
    "LabelPostCode": 5000,
    "Parliamentary Title": "Leader of the Opposition in the Senate"
  }
]
