[

  {
    "type": "input",
    "id": "username",
    "label": "Email",
    "placeholder": "hey@serendipity.org.au",
    "appearance": "fill",

    "validators": [
      {
        "name": "email",
        "args": null,
        "propertyName": "email",
        "message": "Please enter a valid email address"
      }
    ],

    "gridItemClass": "grid-column-1",
    "required": true
  },
  {
    "type": "input",
    "inputType": "password",
    "id": "password",
    "label": "Password",
    "placeholder": "NoMoreSecrets",
    "appearance": "fill",

    "validators": [
      {
        "name": "required",
        "args": null,
        "propertyName": "required",
        "message": "You must enter a password"
      }
    ],

    "gridItemClass": "grid-column-1",
    "required": true
  }

]
