[

  {
    "type": "input",
    "id": "name",
    "label": "Account Name",
    "appearance": "outline",

    "validators": [
      {
        "name": "required",
        "args": null,
        "propertyName": "required",
        "message": "You must enter a name"
      }
    ],

    "gridItemClass": "grid-column-1-span-2",
    "required": true
  },

  {
    "type": "input",
    "id": "email",
    "label": "Email",
    "appearance": "outline",
    "autocomplete": "email",

    "validators": [
      {
        "name": "email",
        "args": null,
        "propertyName": "email",
        "message": "Please enter a valid email address"
      }
    ],

    "gridItemClass": "grid-column-1",
    "required": false
  },

  {
    "type": "input",
    "id": "phoneNumber",
    "label": "Main Phone",
    "appearance": "outline",
    "autocomplete": "tel",

    "gridItemClass": "grid-column-1"
  }

]
